City_ID,City,Country,Date,Lat,Lng,Max Temp,Humidity,Cloudiness,Wind Speed
0,Ushuaia,AR,2020-08-21 20:57:59,-54.8,-68.3,44.6,70,75,17.22
1,Magole,TZ,2020-08-21 21:00:26,-6.37,37.37,82.4,58,40,4.05
2,Biak,ID,2020-08-21 21:00:26,-0.91,122.88,75.43,80,31,5.91
3,Chenghai,CN,2020-08-21 21:00:26,23.46,116.77,78.8,94,20,2.24
4,Hobart,AU,2020-08-21 20:56:14,-42.88,147.33,36.0,86,20,9.17
5,Hilo,US,2020-08-21 20:56:08,19.73,-155.09,82.4,65,75,10.29
6,Butaritari,KI,2020-08-21 21:00:27,3.07,172.79,81.86,67,100,1.95
7,New Norfolk,AU,2020-08-21 21:00:27,-42.78,147.06,36.0,90,2,2.15
8,Severo-Kurilsk,RU,2020-08-21 21:00:28,50.68,156.12,55.02,71,18,9.37
9,Port Alfred,ZA,2020-08-21 21:00:28,-33.59,26.89,58.48,74,26,13.73
10,Cayenne,GF,2020-08-21 20:59:28,4.93,-52.33,86.0,66,90,6.93
11,Mataura,NZ,2020-08-21 21:00:28,-46.19,168.86,50.0,97,76,4.0
12,Cape Town,ZA,2020-08-21 21:00:28,-33.93,18.42,51.8,93,18,1.12
13,Chamrajnagar,IN,2020-08-21 21:00:29,11.92,76.95,70.25,91,34,2.48
14,Jamestown,US,2020-08-21 20:56:30,42.1,-79.24,80.01,54,20,3.36
15,Havelock,US,2020-08-21 20:55:33,34.88,-76.9,82.99,74,75,6.93
16,Klaksvik,FO,2020-08-21 21:00:29,62.23,-6.59,51.8,93,83,14.99
17,Saskylakh,RU,2020-08-21 21:00:30,71.92,114.08,34.63,91,3,3.83
18,Nikolskoye,RU,2020-08-21 21:00:30,59.7,30.79,62.6,67,0,2.24
19,Shitkino,RU,2020-08-21 21:00:30,56.37,98.35,59.11,73,100,4.09
20,Port-Cartier,CA,2020-08-21 21:00:30,50.03,-66.87,69.8,35,40,12.75
21,Lebu,CL,2020-08-21 21:00:30,-37.62,-73.65,52.32,75,0,15.26
22,Ylivieska,FI,2020-08-21 21:00:31,64.08,24.55,64.99,81,53,3.0
23,Mount Isa,AU,2020-08-21 21:00:31,-20.73,139.5,59.0,28,53,9.17
24,Carnarvon,AU,2020-08-21 21:00:31,-24.87,113.63,53.6,100,27,4.7
25,Rosa Zarate,EC,2020-08-21 20:58:52,0.33,-79.47,82.42,64,100,2.53
26,Isangel,VU,2020-08-21 21:00:31,-19.55,169.27,76.03,79,52,7.58
27,Tete,MZ,2020-08-21 21:00:32,-16.16,33.59,75.2,64,8,12.75
28,Port Hardy,CA,2020-08-21 21:00:32,50.7,-127.42,57.2,100,90,9.17
29,Pingzhuang,CN,2020-08-21 21:00:32,42.04,119.29,55.62,64,0,2.77
30,Kununurra,AU,2020-08-21 21:00:32,-15.77,128.73,66.2,71,84,4.7
31,Riyadh,SA,2020-08-21 20:59:40,24.69,46.72,91.4,24,38,5.48
32,Pisco,PE,2020-08-21 21:00:33,-13.7,-76.22,64.0,82,75,8.05
33,Thompson,CA,2020-08-21 21:00:33,55.74,-97.86,62.6,63,75,10.29
34,Axim,GH,2020-08-21 21:00:33,4.87,-2.24,75.16,89,63,7.52
35,Mahebourg,MU,2020-08-21 21:00:33,-20.41,57.7,69.8,73,40,6.93
36,Kondinskoye,RU,2020-08-21 21:00:34,59.65,67.41,52.29,95,20,7.07
37,Anadyr,RU,2020-08-21 21:00:34,64.75,177.48,50.0,100,90,22.37
38,Avarua,CK,2020-08-21 20:59:06,-21.21,-159.78,77.0,78,15,20.8
39,Luderitz,NA,2020-08-21 21:00:35,-26.65,15.16,71.82,20,0,12.03
40,Busselton,AU,2020-08-21 21:00:35,-33.65,115.33,51.01,73,95,7.72
41,Bethel,US,2020-08-21 21:00:05,41.37,-73.41,88.0,51,75,5.82
42,Xucheng,CN,2020-08-21 21:00:35,20.35,110.13,77.0,100,20,5.99
43,Tiarei,PF,2020-08-21 21:00:36,-17.53,-149.33,82.4,69,40,5.82
44,Punta Arenas,CL,2020-08-21 20:56:40,-53.15,-70.92,46.4,70,75,18.34
45,Barrow,US,2020-08-21 21:00:36,71.29,-156.79,48.2,100,90,9.17
46,Souillac,MU,2020-08-21 21:00:36,-20.52,57.52,69.8,73,40,6.93
47,Adrar,MR,2020-08-21 21:00:37,20.5,-10.07,97.02,23,56,11.63
48,Hobyo,SO,2020-08-21 21:00:37,5.35,48.53,76.33,81,78,26.11
49,Linares,CL,2020-08-21 21:00:37,-35.85,-71.6,61.86,68,0,2.46
50,Castro,BR,2020-08-21 21:00:37,-24.79,-50.01,41.47,90,99,5.23
51,Angoram,PG,2020-08-21 21:00:38,-4.06,144.07,74.84,96,66,2.42
52,Bredasdorp,ZA,2020-08-21 21:00:38,-34.53,20.04,48.2,93,61,5.82
53,Samarai,PG,2020-08-21 21:00:38,-10.62,150.67,77.18,78,99,7.45
54,Hede,CN,2020-08-21 21:00:38,33.77,120.25,76.1,92,100,0.76
55,Ponta Do Sol,PT,2020-08-21 21:00:39,32.67,-17.1,73.99,88,75,8.05
56,Lagoa,PT,2020-08-21 21:00:39,39.05,-27.98,69.24,62,0,2.55
57,Paita,PE,2020-08-21 21:00:39,-5.09,-81.11,66.31,71,37,15.52
58,Rikitea,PF,2020-08-21 21:00:39,-23.12,-134.97,65.91,68,0,22.19
59,Zhicheng,CN,2020-08-21 21:00:39,30.3,111.5,73.99,95,95,3.06
60,Vaini,TO,2020-08-21 21:00:40,-21.2,-175.2,77.0,88,40,6.93
61,La Libertad,EC,2020-08-21 21:00:40,-2.23,-80.9,71.6,78,90,9.17
62,Tasiilaq,GL,2020-08-21 21:00:40,65.61,-37.64,50.0,53,17,9.17
63,Beziers,FR,2020-08-21 21:00:40,43.35,3.22,77.0,88,75,4.7
64,Port Elizabeth,ZA,2020-08-21 21:00:41,-33.92,25.57,57.2,82,65,6.93
65,Sao Joao Da Barra,BR,2020-08-21 21:00:41,-21.64,-41.05,69.8,73,90,9.17
66,Novikovo,RU,2020-08-21 21:00:41,51.15,37.89,61.09,68,100,5.1
67,Airai,TL,2020-08-21 21:00:41,-8.93,125.41,57.72,51,0,3.27
68,Albany,US,2020-08-21 21:00:15,42.6,-73.97,84.99,32,80,1.99
69,Lompoc,US,2020-08-21 20:56:50,34.64,-120.46,82.0,60,75,10.29
70,Skerries,IE,2020-08-21 21:00:42,53.58,-6.11,61.0,77,75,8.05
71,Tuktoyaktuk,CA,2020-08-21 21:00:43,69.45,-133.04,53.42,70,0,4.34
72,Mineiros,BR,2020-08-21 21:00:43,-17.57,-52.55,64.71,53,9,12.59
73,Yar-Sale,RU,2020-08-21 21:00:43,66.83,70.83,54.48,88,89,9.62
74,San Carlos De Bariloche,AR,2020-08-21 21:00:43,-41.15,-71.31,59.0,22,0,3.36
75,Upernavik,GL,2020-08-21 21:00:44,72.79,-56.15,44.46,71,22,10.27
76,Kirakira,SB,2020-08-21 21:00:44,-10.45,161.92,81.16,80,77,6.73
77,Vao,NC,2020-08-21 21:00:44,-22.67,167.48,71.01,76,8,7.49
78,Ribeira Grande,PT,2020-08-21 21:00:44,38.52,-28.7,71.6,73,75,3.36
79,Alofi,NU,2020-08-21 21:00:45,-19.06,-169.92,77.0,88,75,6.93
80,Tarbes,FR,2020-08-21 21:00:45,43.25,0.17,66.2,88,57,10.29
81,Provideniya,RU,2020-08-21 21:00:45,64.38,-173.3,50.04,90,100,9.15
82,Bayangol,RU,2020-08-21 21:00:45,50.7,103.47,49.1,93,78,2.59
83,Igrim,RU,2020-08-21 21:00:45,63.19,64.42,56.37,96,100,8.05
84,Coihaique,CL,2020-08-21 21:00:46,-45.58,-72.07,57.2,44,20,9.17
85,Daru,PG,2020-08-21 21:00:46,-9.08,143.21,74.23,85,4,8.05
86,Sao Francisco,BR,2020-08-21 21:00:46,-15.95,-44.86,83.39,32,63,3.87
87,Antofagasta,CL,2020-08-21 21:00:47,-23.65,-70.4,57.2,76,20,12.75
88,Yantal,RU,2020-08-21 21:00:47,56.85,105.25,61.29,59,100,1.59
89,Faanui,PF,2020-08-21 21:00:47,-16.48,-151.75,77.58,79,3,22.59
90,Mar Del Plata,AR,2020-08-21 20:57:36,-38.0,-57.56,53.6,66,0,11.41
91,Kendari,ID,2020-08-21 21:00:47,-3.94,122.5,73.4,90,97,1.57
92,Olafsvik,IS,2020-08-21 21:00:48,64.89,-23.71,52.56,64,0,15.82
93,Bluff,NZ,2020-08-21 21:00:48,-46.6,168.33,50.0,97,70,4.0
94,Makakilo City,US,2020-08-21 21:00:48,21.35,-158.09,86.0,48,20,11.41
95,Tutoia,BR,2020-08-21 20:59:48,-2.76,-42.27,79.66,82,2,9.17
96,Saint George,US,2020-08-21 21:00:10,37.1,-113.58,106.0,17,1,10.51
97,Bilibino,RU,2020-08-21 21:00:49,68.05,166.44,40.87,82,100,8.03
98,Nhulunbuy,AU,2020-08-21 21:00:49,-12.23,136.77,64.4,93,0,3.36
99,Cairns,AU,2020-08-21 21:00:49,-16.92,145.77,60.8,93,31,4.74
100,Roseburg,US,2020-08-21 21:00:50,43.22,-123.34,84.99,39,90,6.6
101,Gomel,BY,2020-08-21 21:00:50,52.43,30.98,60.8,87,75,11.18
102,Puerto Ayora,EC,2020-08-21 21:00:50,-0.74,-90.35,78.8,47,83,17.22
103,Serafimovich,RU,2020-08-21 21:00:51,49.58,42.74,57.99,52,93,1.01
104,Gizo,SB,2020-08-21 21:00:51,-8.1,156.84,82.83,75,46,5.59
105,Hermanus,ZA,2020-08-21 21:00:51,-34.42,19.23,44.01,94,70,3.02
106,Norman Wells,CA,2020-08-21 21:00:51,65.28,-126.83,64.4,55,75,17.22
107,Port Lincoln,AU,2020-08-21 21:00:52,-34.73,135.87,48.97,66,0,20.18
108,Yellowknife,CA,2020-08-21 20:56:01,62.46,-114.35,57.2,58,75,14.99
109,Torbay,CA,2020-08-21 21:00:52,47.67,-52.73,69.8,46,75,20.8
110,Frontera,MX,2020-08-21 21:00:52,26.93,-101.45,96.8,19,75,4.7
111,Key West,US,2020-08-21 20:58:20,24.56,-81.78,91.4,70,75,9.17
112,Cidreira,BR,2020-08-21 21:00:53,-30.18,-50.21,49.8,57,0,8.12
113,Nemuro,JP,2020-08-21 21:00:53,43.32,145.57,59.74,81,67,3.74
114,Kangaatsiaq,GL,2020-08-21 21:00:54,68.31,-53.46,48.33,67,0,7.81
115,College,US,2020-08-21 21:00:54,64.86,-147.8,55.4,87,75,3.36
116,Gorontalo,ID,2020-08-21 21:00:55,0.54,123.06,74.23,87,97,2.55
117,Atambua,ID,2020-08-21 21:00:55,-9.11,124.89,67.95,78,1,4.12
118,Richards Bay,ZA,2020-08-21 21:00:55,-28.78,32.04,60.1,79,21,2.35
119,Ryotsu,JP,2020-08-21 21:00:55,38.08,138.43,73.4,94,75,2.24
120,Fortuna,US,2020-08-21 20:57:17,40.6,-124.16,79.0,71,24,4.0
121,Labytnangi,RU,2020-08-21 21:00:56,66.66,66.42,51.33,85,22,6.49
122,Dunedin,NZ,2020-08-21 20:59:33,-45.87,170.5,46.0,94,77,5.99
123,La Ronge,CA,2020-08-21 21:00:56,55.1,-105.28,66.2,72,75,16.11
124,Kaitangata,NZ,2020-08-21 21:00:56,-46.28,169.85,46.99,92,84,4.0
125,Mitsamiouli,KM,2020-08-21 21:00:57,-11.38,43.28,76.59,74,0,6.35
126,Bela,IN,2020-08-21 21:00:57,25.93,81.98,77.77,88,27,9.93
127,Winnipeg,CA,2020-08-21 20:56:10,49.88,-97.15,87.8,43,90,6.93
128,Longyearbyen,SJ,2020-08-21 21:00:12,78.22,15.64,42.39,76,86,3.74
129,Bagdarin,RU,2020-08-21 21:00:57,54.43,113.6,54.68,83,100,2.24
130,Falmouth,GB,2020-08-21 21:00:58,50.15,-5.07,61.0,93,1,23.04
131,Arraial Do Cabo,BR,2020-08-21 21:00:58,-22.97,-42.03,66.2,77,75,23.04
132,Esperance,AU,2020-08-21 21:00:58,-33.87,121.9,44.6,100,100,8.05
133,Rawson,AR,2020-08-21 21:00:59,-43.3,-65.1,65.01,27,0,12.41
134,Abdanan,IR,2020-08-21 21:00:59,32.99,47.42,78.82,17,0,11.03
135,Cherskiy,RU,2020-08-21 21:01:00,68.75,161.3,40.98,80,100,14.5
136,Beringovskiy,RU,2020-08-21 21:01:00,63.05,179.32,51.64,91,100,18.61
137,Jinxiang,CN,2020-08-21 21:01:00,22.86,115.7,79.92,86,98,2.59
138,Dhanwar,IN,2020-08-21 21:01:00,24.42,85.98,78.24,87,99,3.96
139,Qaanaaq,GL,2020-08-21 21:01:01,77.48,-69.36,39.61,78,86,3.0
140,Ponta Delgada,PT,2020-08-21 21:01:01,37.73,-25.67,73.4,83,40,6.93
141,Terra Nova,BR,2020-08-21 21:01:01,-12.37,-40.67,72.79,64,91,5.44
142,Porto Santo,PT,2020-08-21 21:01:01,33.07,-16.34,73.4,83,40,12.75
143,Konosha,RU,2020-08-21 21:01:02,60.97,40.26,52.03,87,7,1.57
144,Georgetown,MY,2020-08-21 21:00:36,5.41,100.34,80.6,94,40,8.05
145,New Castle,US,2020-08-21 21:01:02,41.0,-80.35,86.0,35,75,4.7
146,Casimiro De Abreu,BR,2020-08-21 20:57:06,-22.48,-42.2,68.0,88,90,11.41
147,Alihe,CN,2020-08-21 21:01:03,50.57,123.72,56.01,82,100,1.86
148,Bolobo,CD,2020-08-21 21:01:03,-2.17,16.23,78.76,67,52,1.34
149,Nyaunglebin,MM,2020-08-21 21:01:03,17.95,96.73,74.93,96,100,2.42
150,Cabo San Lucas,MX,2020-08-21 20:56:05,22.89,-109.91,86.0,74,40,4.7
151,Evensk,RU,2020-08-21 21:01:04,61.95,159.23,49.39,83,100,6.71
152,Domoni,KM,2020-08-21 21:01:04,-12.26,44.53,74.97,71,7,0.63
153,Mastung,PK,2020-08-21 21:00:37,29.8,66.84,75.58,60,33,6.89
154,Pangkalanbuun,ID,2020-08-21 21:01:05,-2.68,111.62,75.07,97,99,2.3
155,Alekseyevka,RU,2020-08-21 21:01:05,50.63,38.69,62.65,53,100,9.33
156,Bubaque,GW,2020-08-21 21:01:05,11.28,-15.83,79.86,82,95,17.38
157,Port Blair,IN,2020-08-21 21:01:05,11.67,92.75,81.93,80,100,10.71
158,Rocha,UY,2020-08-21 21:01:04,-34.48,-54.33,48.7,69,0,4.85
159,York,US,2020-08-21 20:59:54,40.13,-77.0,88.0,45,1,10.29
160,Dingle,PH,2020-08-21 21:01:06,11.0,122.67,75.29,90,28,0.85
161,Puerto Suarez,BO,2020-08-21 21:01:07,-18.95,-57.8,51.8,71,90,10.29
162,Zhigansk,RU,2020-08-21 21:01:07,66.77,123.37,37.58,79,0,14.83
163,East London,ZA,2020-08-21 21:01:07,-33.02,27.91,59.54,73,3,10.76
164,Snezhnogorsk,RU,2020-08-21 21:01:07,69.19,33.25,57.2,100,78,6.71
165,Hithadhoo,MV,2020-08-21 21:01:07,-0.6,73.08,84.06,69,93,5.64
166,Linxia,CN,2020-08-21 21:01:08,35.6,103.21,62.24,77,99,1.92
167,Kodiak,US,2020-08-21 21:01:08,57.79,-152.41,71.6,43,1,14.99
168,Puerto Plata,DO,2020-08-21 20:57:47,19.79,-70.69,87.8,74,75,9.17
169,Rancharia,BR,2020-08-21 21:01:09,-22.23,-50.89,59.0,58,78,5.82
170,Micheldorf,AT,2020-08-21 21:01:09,46.92,14.44,73.4,83,0,2.24
171,Road Town,VG,2020-08-21 21:01:09,18.42,-64.62,86.0,74,40,11.41
172,Aginskoye,RU,2020-08-21 21:01:09,51.1,114.53,59.9,84,100,0.54
173,Vila Velha,BR,2020-08-21 21:00:43,-20.33,-40.29,69.8,73,75,13.87
174,Zhenhai,CN,2020-08-21 21:01:10,24.26,118.09,80.6,83,96,4.47
175,Wuda,CN,2020-08-21 21:01:10,39.5,106.71,69.48,68,57,16.35
176,Gat,IL,2020-08-21 20:57:02,31.61,34.76,79.0,76,1,1.81
177,Gushikawa,JP,2020-08-21 21:01:10,26.35,127.87,80.6,100,90,6.02
178,Acapulco,MX,2020-08-21 21:01:11,16.86,-99.89,86.0,74,40,4.7
179,Maragogi,BR,2020-08-21 21:01:11,-9.01,-35.22,74.28,83,100,8.39
180,Saldanha,ZA,2020-08-21 21:01:11,-33.01,17.94,55.4,82,0,8.05
181,Foz Do Iguacu,BR,2020-08-21 21:01:12,-25.55,-54.59,57.2,33,0,8.05
182,Acari,PE,2020-08-21 21:01:12,-15.43,-74.62,70.88,50,18,7.85
183,San Juan,AR,2020-08-21 20:56:40,-31.54,-68.54,63.48,24,0,8.41
184,Nara,JP,2020-08-21 21:00:47,34.69,135.8,82.99,83,20,9.17
185,Atuona,PF,2020-08-21 21:01:13,-9.8,-139.03,78.8,77,2,13.78
186,Grand-Santi,GF,2020-08-21 21:01:13,4.25,-54.38,87.94,52,0,2.73
187,Portland,US,2020-08-21 21:00:21,45.52,-122.68,75.0,56,90,10.29
188,Dakar,SN,2020-08-21 20:57:11,14.69,-17.44,80.6,88,75,11.41
189,San Patricio,MX,2020-08-21 21:01:13,19.22,-104.7,87.8,74,75,5.82
190,Zacapoaxtla,MX,2020-08-21 21:01:14,19.88,-97.58,72.0,72,56,5.7
191,Mana,GF,2020-08-21 21:01:14,5.66,-53.78,81.46,76,1,12.57
192,Gao,ML,2020-08-21 21:01:14,16.64,1.64,94.05,29,60,16.46
193,Raudeberg,NO,2020-08-21 21:01:14,61.99,5.14,62.01,90,99,13.85
194,Bambous Virieux,MU,2020-08-21 21:01:15,-20.34,57.76,70.0,73,40,6.93
195,Pevek,RU,2020-08-21 21:01:15,69.7,170.31,38.71,92,100,3.71
196,Kruisfontein,ZA,2020-08-21 21:01:15,-34.0,24.73,53.01,89,97,1.21
197,Parfenyevo,RU,2020-08-21 21:01:15,58.48,43.41,49.55,78,0,4.16
198,Tiksi,RU,2020-08-21 21:01:16,71.69,128.87,38.61,82,99,11.05
199,Trelew,AR,2020-08-21 21:01:16,-43.25,-65.31,67.46,24,0,8.57
200,Burgeo,CA,2020-08-21 21:01:16,47.62,-57.62,64.02,76,29,15.01
201,Sitka,US,2020-08-21 21:01:16,57.05,-135.33,60.8,82,40,8.05
202,Pahrump,US,2020-08-21 21:01:17,36.21,-115.98,109.0,11,0,5.99
203,Asosa,ET,2020-08-21 21:01:17,10.07,34.53,61.99,98,100,4.65
204,Khatanga,RU,2020-08-21 21:01:17,71.97,102.5,43.2,67,0,13.22
205,Salatiga,ID,2020-08-21 21:01:18,-7.33,110.49,67.82,69,99,2.15
206,Cap Malheureux,MU,2020-08-21 21:01:18,-19.98,57.61,70.0,68,22,3.0
207,Broken Hill,AU,2020-08-21 21:01:18,-31.95,141.43,41.0,80,34,13.87
208,Pangnirtung,CA,2020-08-21 21:01:18,66.15,-65.71,55.4,76,20,8.05
209,Mogadishu,SO,2020-08-21 21:01:19,2.04,45.34,76.42,85,99,15.64
210,Kloulklubed,PW,2020-08-21 21:01:19,7.04,134.26,77.0,88,75,4.7
211,San Bartolome,ES,2020-08-21 21:01:19,27.92,-15.57,79.0,78,20,24.16
212,Chuy,UY,2020-08-21 21:00:51,-33.7,-53.46,50.54,67,0,5.14
213,Victoria,HK,2020-08-21 21:00:12,22.29,114.16,82.0,78,74,1.45
214,Constantine,DZ,2020-08-21 21:01:20,36.37,6.61,86.0,45,20,2.24
215,Ixil,MX,2020-08-21 21:01:21,21.15,-89.48,93.2,56,75,4.7
216,Margate,GB,2020-08-21 21:01:21,51.38,1.39,68.0,75,0,4.0
217,Deputatskiy,RU,2020-08-21 21:01:21,69.3,139.9,32.14,99,100,6.42
218,Saint Anthony,US,2020-08-21 20:57:03,45.02,-93.22,89.01,48,1,11.41
219,Sao Filipe,CV,2020-08-21 21:01:22,14.9,-24.5,77.7,74,40,5.41
220,Kaspiysk,RU,2020-08-21 21:01:22,42.88,47.64,68.0,88,40,6.71
221,Susanville,US,2020-08-21 21:01:22,40.42,-120.65,89.6,8,1,13.87
222,Wanning,CN,2020-08-21 21:01:23,18.8,110.4,78.82,85,25,2.75
223,Vestmanna,FO,2020-08-21 21:01:23,62.16,-7.17,51.8,93,83,14.99
224,Abha,SA,2020-08-21 21:01:23,18.22,42.51,78.8,17,20,0.94
225,Kapaa,US,2020-08-21 21:01:24,22.08,-159.32,84.0,69,75,13.87
226,Aykhal,RU,2020-08-21 21:01:24,66.0,111.5,46.4,65,97,4.47
227,Iqaluit,CA,2020-08-21 21:01:06,63.75,-68.51,55.4,62,75,3.36
228,Muana,BR,2020-08-21 21:01:24,-1.53,-49.22,85.8,62,57,5.12
229,Atar,MR,2020-08-21 21:01:25,20.52,-13.05,88.27,44,9,6.29
230,Ballina,AU,2020-08-21 21:01:25,-28.87,153.57,53.01,71,22,9.17
231,Mendi,PG,2020-08-21 21:01:26,-6.18,143.65,50.34,95,5,4.05
232,Zyryanka,RU,2020-08-21 21:01:26,65.75,150.85,39.07,86,100,12.15
233,Geraldton,AU,2020-08-21 21:01:27,-28.77,114.6,59.0,72,90,10.29
234,Yambio,SS,2020-08-21 21:01:27,4.57,28.4,68.76,92,82,1.43
235,Chara,RU,2020-08-21 21:01:27,56.91,118.26,50.34,71,12,2.73
236,Noumea,NC,2020-08-21 20:56:29,-22.28,166.46,70.0,93,0,2.24
237,Homer,US,2020-08-21 20:56:32,59.64,-151.55,64.99,77,1,6.93
238,Roma,US,2020-08-21 20:58:05,43.21,-75.46,82.4,42,1,17.22
239,Harper,LR,2020-08-21 21:01:28,4.38,-7.72,75.76,83,88,9.35
240,Kassala,SD,2020-08-21 21:01:28,15.45,36.4,86.97,61,100,11.99
241,Chokurdakh,RU,2020-08-21 21:01:28,70.63,147.92,35.92,93,99,8.19
242,Guerrero Negro,MX,2020-08-21 21:01:29,27.98,-114.06,96.8,37,11,28.19
243,Rio Grande,BR,2020-08-21 20:57:14,-32.03,-52.1,59.0,28,0,10.29
244,Papara,BR,2020-08-21 21:01:29,-3.98,-38.73,80.6,78,16,11.41
245,Srednekolymsk,RU,2020-08-21 21:01:29,67.45,153.68,40.82,71,100,13.53
246,Kerur,IN,2020-08-21 21:01:29,16.02,75.57,72.01,90,100,10.6
247,Jevargi,IN,2020-08-21 21:01:30,17.02,76.77,73.74,88,100,9.46
248,Saint-Leu,RE,2020-08-21 21:01:30,-21.15,55.28,68.0,56,0,8.05
249,Koslan,RU,2020-08-21 21:01:30,63.46,48.9,48.33,93,1,4.18
250,Cabedelo,BR,2020-08-21 21:01:30,-6.98,-34.83,78.8,78,75,13.87
251,Andenes,NO,2020-08-21 20:57:23,69.31,16.12,53.6,87,74,6.93
252,San Ramon,US,2020-08-21 20:57:31,37.78,-121.98,93.99,33,90,6.93
253,Mayo,US,2020-08-21 21:01:31,38.89,-76.51,84.99,74,1,9.17
254,Prachuap Khiri Khan,TH,2020-08-21 21:01:31,11.82,99.78,77.61,77,100,6.02
255,Broome,US,2020-08-21 21:01:32,42.25,-75.83,82.99,42,40,9.17
256,Murgab,TM,2020-08-21 21:01:32,37.5,61.97,77.0,33,0,6.93
257,Sibolga,ID,2020-08-21 21:01:32,1.74,98.78,76.44,84,99,3.87
258,Fairbanks,US,2020-08-21 20:58:37,64.84,-147.72,55.4,87,40,2.42
259,Itarema,BR,2020-08-21 21:01:33,-2.92,-39.92,79.18,78,6,15.21
260,Kindersley,CA,2020-08-21 21:01:33,51.47,-109.17,75.2,47,20,19.46
261,Diamantino,BR,2020-08-21 21:01:33,-14.41,-56.45,67.55,46,4,11.07
262,Ostrovnoy,RU,2020-08-21 21:01:33,68.05,39.51,52.79,90,73,4.74
263,Bengkulu,ID,2020-08-21 21:01:34,-3.8,102.27,75.31,86,79,4.81
264,Shimoda,JP,2020-08-21 21:01:34,34.67,138.95,75.99,92,0,5.12
265,Goundi,TD,2020-08-21 21:01:34,9.36,17.37,75.18,89,87,2.71
266,Kavieng,PG,2020-08-21 21:01:34,-2.57,150.8,82.58,75,0,8.95
267,Forestville,US,2020-08-21 21:01:35,38.85,-76.88,86.0,58,20,6.93
268,Katsuura,JP,2020-08-21 21:01:35,35.13,140.3,80.01,91,0,3.27
269,Makow Mazowiecki,PL,2020-08-21 21:01:35,52.86,21.1,69.01,45,90,8.84
270,Bairiki,KI,2020-08-21 21:01:10,1.33,172.98,82.4,78,20,3.36
271,Piacabucu,BR,2020-08-21 21:01:36,-10.41,-36.43,74.25,85,88,8.25
272,Padang,ID,2020-08-21 21:01:36,-0.95,100.35,77.7,79,99,4.68
273,The Valley,AI,2020-08-21 21:01:36,18.22,-63.06,84.2,78,20,14.99
274,Zhangye,CN,2020-08-21 21:01:36,38.93,100.45,71.51,48,92,2.24
275,Yerbogachen,RU,2020-08-21 21:01:36,61.28,108.01,52.36,93,26,3.94
276,Gondanglegi,ID,2020-08-21 21:01:37,-7.75,112.01,73.31,83,87,7.09
277,Kahului,US,2020-08-21 21:00:01,20.89,-156.47,89.6,46,40,23.04
278,Saint-Philippe,RE,2020-08-21 21:01:37,-21.36,55.77,68.0,56,42,8.05
279,Fornosovo,RU,2020-08-21 21:01:37,59.57,30.55,62.6,67,0,2.24
280,Mabamba,TZ,2020-08-21 21:01:38,-3.6,30.5,68.0,60,53,0.67
281,Petropavlovsk-Kamchatskiy,RU,2020-08-21 21:01:38,53.05,158.65,55.4,76,20,4.47
282,Waw,SS,2020-08-21 21:01:38,7.7,28.0,72.95,93,27,2.33
283,Barentu,ER,2020-08-21 21:01:38,15.11,37.59,77.22,74,95,7.9
284,Manavgat,TR,2020-08-21 21:01:39,36.79,31.44,87.8,22,0,10.29
285,Providencia,MX,2020-08-21 21:01:39,28.72,-111.58,97.0,52,73,11.99
286,Kachug,RU,2020-08-21 21:01:39,53.96,105.88,55.69,83,100,2.06
287,Talnakh,RU,2020-08-21 21:01:39,69.49,88.4,57.2,87,100,4.47
288,Lata,PT,2020-08-21 21:01:39,40.16,-8.33,69.01,91,67,2.55
289,Karabanovo,RU,2020-08-21 21:01:40,56.32,38.7,53.51,92,0,4.61
290,Ambilobe,MG,2020-08-21 21:01:40,-13.2,49.05,66.83,80,59,4.0
291,Ulkan,RU,2020-08-21 21:01:41,57.24,107.32,56.01,66,100,1.57
292,Peniche,PT,2020-08-21 21:01:41,39.36,-9.38,69.01,90,44,4.0
293,Bangsund,NO,2020-08-21 21:01:41,64.4,11.39,71.6,56,95,13.87
294,Lavrentiya,RU,2020-08-21 21:01:41,65.58,-171.0,47.89,93,100,7.27
295,Kudahuvadhoo,MV,2020-08-21 21:01:42,2.67,72.89,83.1,65,88,2.77
296,Tuatapere,NZ,2020-08-21 21:01:42,-46.13,167.68,50.0,97,31,4.0
297,Yinchuan,CN,2020-08-21 21:01:42,38.47,106.27,70.66,65,31,6.64
298,Gvarv,NO,2020-08-21 21:01:42,59.39,9.17,63.0,1,51,7.11
299,Tagudin,PH,2020-08-21 21:01:43,16.94,120.44,78.12,78,88,4.12
300,Cururupu,BR,2020-08-21 21:01:43,-1.83,-44.87,78.98,79,5,4.83
301,Clyde River,CA,2020-08-21 21:01:43,70.47,-68.59,44.42,81,100,1.7
302,Ornskoldsvik,SE,2020-08-21 21:01:43,63.29,18.72,64.4,88,88,10.29
303,Kysyl-Syr,RU,2020-08-21 21:01:44,63.9,122.76,39.72,79,0,5.14
304,Yulara,AU,2020-08-21 21:01:44,-25.24,130.99,46.4,45,0,9.17
305,Husavik,IS,2020-08-21 20:57:06,66.04,-17.34,48.2,76,0,12.75
306,Gravelbourg,CA,2020-08-21 21:01:44,49.88,-106.55,82.38,33,0,14.92
307,Grindavik,IS,2020-08-21 21:01:45,63.84,-22.43,55.4,58,0,14.99
308,Aswan,EG,2020-08-21 21:01:45,24.09,32.91,88.41,19,0,9.48
309,Paka,MY,2020-08-21 21:01:45,4.64,103.44,75.2,94,84,2.24
310,Bestobe,KZ,2020-08-21 21:01:46,52.5,73.1,53.74,85,0,9.48
311,Saint-Paul,RE,2020-08-21 21:01:46,-21.01,55.27,68.0,68,0,9.17
312,Dillon,US,2020-08-21 21:00:16,34.42,-79.37,86.0,69,40,4.7
313,Kamaishi,JP,2020-08-21 21:01:46,39.27,141.88,72.5,88,99,3.15
314,Sotouboua,TG,2020-08-21 21:01:46,8.57,0.98,71.51,96,100,2.24
315,Fasa,IR,2020-08-21 21:01:47,28.94,53.65,78.8,26,0,1.97
316,Billings,US,2020-08-21 21:00:25,45.78,-108.5,90.0,25,20,4.7
317,Upata,VE,2020-08-21 21:01:47,8.01,-62.4,82.45,79,39,2.68
318,Bonfim,BR,2020-08-21 21:01:48,3.08,-59.95,91.15,53,18,2.3
319,North Bend,US,2020-08-21 21:01:48,43.41,-124.22,73.0,83,90,10.29
320,Almeirim,BR,2020-08-21 21:01:48,-1.52,-52.58,89.08,46,7,1.95
321,Sernur,RU,2020-08-21 21:01:48,56.93,49.15,54.46,80,100,6.87
322,Camapua,BR,2020-08-21 21:01:48,-19.53,-54.04,51.12,75,100,9.28
323,Tulle,FR,2020-08-21 21:01:49,45.33,1.83,66.0,95,74,1.99
324,Tambo,PE,2020-08-21 21:01:49,-14.8,-73.92,48.6,50,71,12.41
325,Hamilton,US,2020-08-21 20:59:11,39.18,-84.53,86.0,54,1,3.36
326,Okhotsk,RU,2020-08-21 21:01:50,59.38,143.3,54.25,65,5,5.37
327,Iskateley,RU,2020-08-21 21:01:50,67.68,53.15,45.39,94,22,6.06
328,Asfi,MA,2020-08-21 21:01:50,32.3,-9.24,74.1,67,0,19.33
329,Touros,BR,2020-08-21 21:01:50,-5.2,-35.46,78.8,78,20,11.41
330,Wewak,PG,2020-08-21 21:01:50,-3.55,143.63,78.64,87,21,8.55
331,Bien Hoa,VN,2020-08-21 20:57:28,10.95,106.82,80.6,88,20,4.7
332,Carahue,CL,2020-08-21 21:01:51,-38.7,-73.17,62.6,59,0,5.82
333,Yegros,PY,2020-08-21 21:01:51,-26.45,-56.4,50.97,57,0,4.97
334,Morondava,MG,2020-08-21 21:01:52,-20.28,44.28,74.08,71,85,13.73
335,Alghero,IT,2020-08-21 21:01:52,40.56,8.32,80.6,74,4,1.12
336,Ust-Ishim,RU,2020-08-21 21:01:52,57.69,71.17,50.97,96,4,3.49
337,Bilma,NE,2020-08-21 21:01:52,18.69,12.92,94.23,33,74,12.88
338,Riachao Do Dantas,BR,2020-08-21 21:01:53,-11.07,-37.73,69.85,92,89,6.58
339,Nouadhibou,MR,2020-08-21 21:01:53,20.93,-17.03,77.0,83,84,9.17
340,Krasnoselkup,RU,2020-08-21 21:01:53,65.7,82.47,51.35,83,19,12.15
341,Nuuk,GL,2020-08-21 21:01:06,64.18,-51.72,42.8,93,90,9.17
342,Maracacume,BR,2020-08-21 21:01:54,-2.04,-45.96,79.0,82,65,4.41
343,Carndonagh,IE,2020-08-21 21:01:54,55.25,-7.27,53.92,89,40,10.85
344,Harbour Breton,CA,2020-08-21 21:01:54,47.48,-55.8,63.66,74,60,17.69
345,Hongjiang,CN,2020-08-21 21:01:55,27.11,110.0,73.94,86,87,1.03
346,Saint-Pierre,RE,2020-08-21 21:01:55,-21.34,55.48,68.0,56,0,8.05
347,Roald,NO,2020-08-21 21:01:55,62.58,6.13,64.0,93,90,3.36
348,Tazovskiy,RU,2020-08-21 21:01:55,67.47,78.7,48.27,89,56,7.76
349,Lorengau,PG,2020-08-21 21:01:07,-2.02,147.27,82.83,71,46,8.93
350,Basco,PH,2020-08-21 21:01:56,20.45,121.97,79.29,90,100,13.18
351,Dhola,IN,2020-08-21 21:01:56,21.88,71.78,79.9,88,100,11.1
352,Hasaki,JP,2020-08-21 21:01:57,35.73,140.83,77.0,100,75,3.36
353,Tazmalt,DZ,2020-08-21 21:01:57,36.39,4.4,80.6,88,20,5.82
354,Tual,ID,2020-08-21 21:01:57,-5.67,132.75,79.05,85,31,17.31
355,Pringsewu,ID,2020-08-21 21:01:57,-5.36,104.97,71.4,94,93,0.94
356,Bull Savanna,JM,2020-08-21 21:01:58,17.89,-77.59,83.48,65,2,13.71
357,Xichang,CN,2020-08-21 21:01:58,27.9,102.26,64.09,77,8,1.66
358,Hualmay,PE,2020-08-21 21:01:58,-11.1,-77.61,64.35,71,77,8.05
359,Sangmelima,CM,2020-08-21 21:01:58,2.93,11.98,68.14,99,87,3.78
360,Baykit,RU,2020-08-21 21:01:59,61.67,96.37,57.51,69,96,0.87
361,Comarapa,BO,2020-08-21 21:01:59,-17.9,-64.48,50.94,68,70,4.9
362,Korhogo,CI,2020-08-21 21:01:59,9.45,-5.63,74.07,92,73,1.97
363,Olenino,RU,2020-08-21 21:02:00,56.21,33.49,51.82,84,0,1.79
364,Alyangula,AU,2020-08-21 21:02:00,-13.85,136.42,59.0,93,1,8.59
365,Tatishchevo,RU,2020-08-21 21:02:00,51.67,45.6,62.01,48,23,4.0
366,Narsaq,GL,2020-08-21 21:02:00,60.92,-46.05,57.2,47,20,6.93
367,Half Moon Bay,US,2020-08-21 21:02:01,37.46,-122.43,84.99,77,1,13.87
368,Kuching,MY,2020-08-21 21:02:01,1.55,110.33,77.0,94,20,4.7
369,Afua,BR,2020-08-21 21:02:01,-0.16,-50.39,83.41,71,3,8.14
370,Dikson,RU,2020-08-21 21:02:01,73.51,80.55,43.0,80,0,13.47
371,Ahuimanu,US,2020-08-21 21:02:01,21.44,-157.84,86.0,65,75,11.41
372,Kaspiyskiy,RU,2020-08-21 21:02:02,45.39,47.37,75.88,49,100,8.86
373,Turayf,SA,2020-08-21 21:02:02,31.67,38.66,78.8,54,0,13.87
374,Los Llanos De Aridane,ES,2020-08-21 21:02:02,28.66,-17.92,80.01,78,0,12.75
375,Salym,RU,2020-08-21 21:02:02,60.06,71.48,52.83,95,100,5.57
376,Kalaiya,NP,2020-08-21 21:02:03,27.03,85.0,79.0,82,76,14.12
377,Banjar,ID,2020-08-21 21:02:03,-8.19,114.97,77.0,100,20,11.41
378,Ilulissat,GL,2020-08-21 21:02:03,69.22,-51.1,48.2,45,82,3.36
379,Saint-Georges,GD,2020-08-21 21:02:04,12.06,-61.75,86.0,74,40,11.41
380,Constitucion,CL,2020-08-21 21:02:04,-35.33,-72.42,59.16,64,0,5.46
381,Alice Springs,AU,2020-08-21 21:02:04,-23.7,133.88,44.6,48,0,5.82
382,Presidente Olegario,BR,2020-08-21 21:00:58,-18.42,-46.42,61.0,54,53,5.99
383,Atikokan,CA,2020-08-21 21:02:04,48.76,-91.62,83.93,46,7,4.74
384,Mbuji-Mayi,CD,2020-08-21 21:02:05,-6.15,23.6,75.4,68,48,1.57
385,Enshi,CN,2020-08-21 21:02:05,30.3,109.48,71.74,85,77,1.19
386,Mitu,CO,2020-08-21 21:02:05,1.2,-70.17,86.27,61,71,3.71
387,Salta,AR,2020-08-21 20:58:27,-24.79,-65.41,60.8,17,0,10.29
388,Weligama,LK,2020-08-21 21:02:06,5.97,80.42,79.61,83,94,6.62
389,Mildura,AU,2020-08-21 21:02:06,-34.2,142.15,42.8,87,1,11.41
390,Kabin Buri,TH,2020-08-21 21:02:06,13.95,101.72,75.09,91,100,1.54
391,Tongchuan,CN,2020-08-21 21:02:06,35.08,109.09,61.93,86,18,4.85
392,Sault Sainte Marie,CA,2020-08-21 21:00:54,46.52,-84.33,73.4,73,75,3.47
393,Bluefield,US,2020-08-21 20:59:46,37.27,-81.22,71.01,83,75,3.13
394,Manaia,NZ,2020-08-21 21:02:07,-39.55,174.13,57.99,90,18,1.01
395,Saint-Augustin,CA,2020-08-21 21:02:07,51.23,-58.65,64.72,48,77,15.95
396,Jerusalem,IL,2020-08-21 21:02:08,31.77,35.22,69.01,91,2,5.01
397,Villa Rica,US,2020-08-21 21:02:08,33.73,-84.92,79.0,100,90,5.86
398,Caucaia,BR,2020-08-21 21:02:08,-3.74,-38.65,80.6,78,12,11.41
399,Qaqortoq,GL,2020-08-21 21:02:08,60.72,-46.03,57.2,47,20,6.93
400,Corinto,GR,2020-08-21 20:57:15,37.94,22.96,79.0,40,0,1.01
401,Rapina,EE,2020-08-21 21:02:09,58.1,27.46,62.01,77,98,4.7
402,Leeton,AU,2020-08-21 21:02:09,-34.57,146.4,39.99,93,3,11.41
403,Neuquen,AR,2020-08-21 21:00:19,-38.95,-68.06,69.8,30,0,2.24
404,Grootfontein,NA,2020-08-21 21:02:09,-19.57,18.12,51.64,37,46,7.78
405,Sirajganj,BD,2020-08-21 21:02:10,24.45,89.72,82.38,82,99,12.24
406,Pemangkat,ID,2020-08-21 21:02:10,1.17,108.97,79.99,81,100,2.21
407,Monkey Bay,MW,2020-08-21 21:02:10,-14.07,34.92,74.14,66,49,16.6
408,Vallenar,CL,2020-08-21 21:02:10,-28.57,-70.76,75.07,21,0,5.79
409,Nome,US,2020-08-21 21:00:43,64.5,-165.41,55.0,81,90,8.05
410,Langarud,IR,2020-08-21 21:02:11,37.2,50.15,77.0,94,75,8.43
411,Nantucket,US,2020-08-21 20:58:03,41.28,-70.1,73.4,78,1,11.41
412,Awjilah,LY,2020-08-21 21:02:11,29.11,21.29,78.82,60,0,13.78
413,Reyes,BO,2020-08-21 21:02:12,-14.32,-67.38,57.2,87,90,4.7
414,Itaituba,BR,2020-08-21 21:02:12,-4.28,-55.98,97.79,24,15,2.62
415,Kijang,KR,2020-08-21 21:02:12,35.24,129.21,75.2,83,20,6.93
416,Trairi,BR,2020-08-21 21:02:12,-3.28,-39.27,78.85,79,1,11.88
417,Ixtapa,MX,2020-08-21 21:02:13,20.7,-105.2,89.01,70,75,6.93
418,Killin,US,2020-08-21 21:02:13,33.61,-91.74,89.6,46,1,4.97
419,Kieta,PG,2020-08-21 21:02:13,-6.22,155.63,79.66,76,43,2.17
420,Sergeyevka,KZ,2020-08-21 21:02:13,53.88,67.42,52.47,95,61,5.68
421,Guasdualito,VE,2020-08-21 21:02:13,7.24,-70.73,91.4,59,20,4.7
422,Slave Lake,CA,2020-08-21 21:02:14,55.28,-114.77,71.6,53,1,13.87
423,Araouane,ML,2020-08-21 21:02:14,18.9,-3.53,102.11,15,7,3.36
424,Pacific Grove,US,2020-08-21 20:58:00,36.62,-121.92,80.01,64,90,4.7
425,Brus Laguna,HN,2020-08-21 21:02:15,15.75,-84.48,80.1,91,100,3.47
426,Mehamn,NO,2020-08-21 21:02:15,71.04,27.85,55.4,87,75,2.24
427,San Martin,AR,2020-08-21 21:00:07,-33.08,-68.47,62.6,11,0,6.93
428,Praia Da Vitoria,PT,2020-08-21 21:02:15,38.73,-27.07,71.6,78,40,4.16
429,Kavaratti,IN,2020-08-21 21:02:16,10.57,72.64,81.66,82,100,11.63
430,Vestmannaeyjar,IS,2020-08-21 21:02:16,63.44,-20.27,52.66,69,0,7.9
431,Easton,US,2020-08-21 21:02:16,40.69,-75.22,84.99,48,20,11.41
432,Chicama,PE,2020-08-21 21:02:16,-7.84,-79.15,69.55,59,43,9.35
433,Griffith,US,2020-08-21 21:02:17,41.53,-87.42,87.01,54,5,4.7
434,Salalah,OM,2020-08-21 21:02:17,17.02,54.09,77.0,100,90,3.36
435,Bathsheba,BB,2020-08-21 21:02:17,13.22,-59.52,86.0,79,40,13.87
436,Caravelas,BR,2020-08-21 21:02:17,-17.71,-39.25,72.19,88,94,14.2
437,Zhanaozen,KZ,2020-08-21 21:02:17,43.3,52.8,82.24,30,98,20.62
438,Ratnapura,LK,2020-08-21 21:02:18,6.68,80.4,76.59,84,87,0.69
439,Vuktyl,RU,2020-08-21 21:02:18,63.86,57.31,51.84,91,66,9.24
440,Atasu,KZ,2020-08-21 21:02:18,48.68,71.64,58.01,55,16,6.31
441,High Level,CA,2020-08-21 21:02:18,58.52,-117.14,59.0,87,90,10.29
442,Sinnamary,GF,2020-08-21 21:02:19,5.38,-52.95,81.34,76,0,12.48
443,Crotone,IT,2020-08-21 21:02:19,39.09,17.12,79.9,53,0,3.87
444,Comodoro Rivadavia,AR,2020-08-21 21:02:19,-45.87,-67.5,68.0,43,0,13.87
445,Lucea,JM,2020-08-21 21:02:19,18.45,-78.17,90.0,66,20,17.22
446,Ojinaga,MX,2020-08-21 21:02:19,29.57,-104.42,104.0,14,1,5.82
447,Vardo,NO,2020-08-21 21:02:20,70.37,31.11,53.6,100,75,8.05
448,Pointe Michel,DM,2020-08-21 21:02:20,15.25,-61.38,86.0,79,75,1.12
449,Leningradskiy,RU,2020-08-21 21:02:20,69.38,178.42,42.48,82,100,3.13
450,Sangar,RU,2020-08-21 21:02:20,63.92,127.47,40.64,78,0,2.3
451,Kulhudhuffushi,MV,2020-08-21 21:02:20,6.62,73.07,82.94,70,100,5.53
452,Shar,KZ,2020-08-21 21:02:21,49.59,81.05,61.97,42,90,9.64
453,Vanavara,RU,2020-08-21 21:02:21,60.34,102.28,53.37,80,100,3.13
454,Samana,DO,2020-08-21 21:02:21,19.21,-69.34,87.8,84,40,9.17
455,Ahipara,NZ,2020-08-21 21:02:21,-35.17,173.17,58.6,83,0,6.2
456,Do Gonbadan,IR,2020-08-21 21:02:22,30.36,50.8,86.0,27,0,1.36
457,Tommot,RU,2020-08-21 21:02:22,58.96,126.29,52.12,92,100,1.63
458,Novyy Urengoy,RU,2020-08-21 21:02:22,66.08,76.63,49.78,87,0,7.23
459,Rafaela,AR,2020-08-21 20:58:12,-31.25,-61.49,64.0,11,0,5.01
460,Karaton,ID,2020-08-21 21:02:22,-6.34,106.1,77.0,83,20,3.36
461,Buraydah,SA,2020-08-21 21:02:23,26.33,43.98,93.2,23,38,8.05
462,Havoysund,NO,2020-08-21 21:02:23,71.0,24.66,59.0,82,75,3.36
463,Wanlaweyn,SO,2020-08-21 21:02:23,2.62,44.89,75.97,78,95,14.05
464,Uniontown,US,2020-08-21 21:02:23,39.9,-79.72,84.99,40,100,1.99
465,Tura,IN,2020-08-21 21:02:24,25.52,90.22,73.24,93,83,5.39
466,Avera,US,2020-08-21 21:02:24,33.19,-82.53,80.6,78,1,4.7
467,Port Hawkesbury,CA,2020-08-21 21:02:24,45.62,-61.35,66.99,77,90,2.24
468,Ust-Ilimsk,RU,2020-08-21 21:02:24,58.0,102.66,56.01,79,100,1.92
469,Tarare,FR,2020-08-21 21:02:25,45.9,4.43,75.2,64,5,10.29
470,Reinosa,ES,2020-08-21 21:02:25,43.0,-4.14,69.8,83,75,3.62
471,Key Largo,US,2020-08-21 21:02:25,25.09,-80.45,90.0,63,31,5.01
472,Kenai,US,2020-08-21 21:02:25,60.55,-151.26,69.8,46,1,9.17
473,Nanortalik,GL,2020-08-21 21:02:25,60.14,-45.24,48.27,65,0,0.98
474,Liverpool,GB,2020-08-21 20:59:40,53.41,-2.98,63.0,77,40,10.29
475,Necochea,AR,2020-08-21 21:02:26,-38.55,-58.74,52.0,67,0,1.01
476,Saquarema,BR,2020-08-21 21:02:26,-22.92,-42.51,66.2,88,90,11.41
477,Coahuayana,MX,2020-08-21 21:02:27,18.73,-103.68,78.8,83,75,11.41
478,Waitara,NZ,2020-08-21 20:58:18,-38.92,174.25,57.99,89,22,1.01
479,Hohhot,CN,2020-08-21 21:02:27,40.81,111.65,62.6,88,20,2.24
480,Port Pirie,AU,2020-08-21 21:02:27,-33.18,138.02,41.0,93,56,10.29
481,Abu Samrah,SY,2020-08-21 21:02:28,35.3,37.18,69.58,76,0,11.43
482,Danjiangkou,CN,2020-08-21 21:02:28,32.54,111.51,68.95,93,100,1.88
483,Sao Raimundo Das Mangabeiras,BR,2020-08-21 21:02:28,-7.02,-45.48,89.94,20,98,4.5
484,Turukhansk,RU,2020-08-21 21:02:28,65.82,87.98,57.04,61,96,10.25
485,Tselinnoye,RU,2020-08-21 21:02:28,53.08,85.67,55.53,75,65,4.03
486,Marzuq,YE,2020-08-21 21:02:29,14.4,46.47,85.69,39,98,4.12
487,Teya,RU,2020-08-21 21:02:29,60.38,92.63,52.03,92,99,1.86
488,Naron,ES,2020-08-21 21:02:29,43.52,-8.15,66.2,68,0,6.93
489,Sioux Lookout,CA,2020-08-21 20:58:49,50.1,-91.92,78.8,61,75,5.82
490,Grand Gaube,MU,2020-08-21 21:02:30,-20.01,57.66,70.0,68,32,3.0
491,Huainan,CN,2020-08-21 21:02:30,32.63,117.0,73.76,98,100,8.14
492,Dudinka,RU,2020-08-21 21:02:30,69.41,86.18,57.2,87,100,4.47
493,Emerald,AU,2020-08-21 21:02:30,-23.53,148.17,51.8,40,0,8.05
494,Oktyabrskoye,RU,2020-08-21 21:02:31,43.06,44.74,60.8,93,100,4.47
495,Sadiqabad,PK,2020-08-21 21:02:31,28.31,70.13,93.7,49,92,7.07
496,Matara,LK,2020-08-21 20:59:44,5.95,80.54,79.25,84,92,6.51
497,Tamiahua,MX,2020-08-21 21:02:31,21.27,-97.45,89.74,58,0,8.93
498,Svetlaya,RU,2020-08-21 21:02:31,46.54,138.33,59.31,70,40,7.94
499,Hambantota,LK,2020-08-21 21:02:32,6.12,81.12,79.54,83,93,11.92
500,Sabha,LY,2020-08-21 21:02:32,27.04,14.43,85.37,23,0,13.18
501,Etla,MX,2020-08-21 21:02:32,17.06,-96.79,78.8,47,40,2.24
502,Nosy Varika,MG,2020-08-21 21:02:32,-20.58,48.53,66.52,90,8,3.38
503,Henties Bay,NA,2020-08-21 21:02:33,-22.12,14.28,66.0,27,31,9.4
504,Ossora,RU,2020-08-21 21:02:33,59.24,163.07,52.14,82,100,2.08
505,Ancud,CL,2020-08-21 21:02:33,-41.87,-73.82,52.0,71,0,5.82
506,Jizan,SA,2020-08-21 21:02:33,17.33,42.67,91.4,75,40,8.05
507,Shakawe,BW,2020-08-21 21:02:34,-18.37,21.85,61.86,32,29,7.05
508,Umm Lajj,SA,2020-08-21 21:02:34,25.02,37.27,85.51,63,0,7.65
509,Tay Ninh,VN,2020-08-21 21:02:34,11.3,106.1,77.81,91,30,4.5
510,Fallon,US,2020-08-21 21:02:34,39.47,-118.78,97.0,9,75,5.82
511,La Peca,PE,2020-08-21 21:02:35,-5.61,-78.44,80.11,58,96,5.61
512,Calella,ES,2020-08-21 21:02:35,41.62,2.67,82.0,88,0,4.0
513,Canto Do Buriti,BR,2020-08-21 21:02:35,-8.11,-42.94,87.4,25,60,4.56
514,Bagalkot,IN,2020-08-21 21:02:35,16.18,75.7,72.86,88,100,11.18
515,Progreso,MX,2020-08-21 21:02:35,21.28,-89.67,93.2,56,75,4.7
516,Sorland,NO,2020-08-21 21:02:36,67.67,12.69,55.4,93,40,4.7
517,Mount Gambier,AU,2020-08-21 21:02:36,-37.83,140.77,44.6,87,75,14.99
518,Azle,US,2020-08-21 21:02:36,32.9,-97.55,96.01,30,20,4.7
519,Aleksandrov Gay,RU,2020-08-21 21:02:07,50.15,48.57,61.11,56,0,8.21
520,Bay Roberts,CA,2020-08-21 21:02:37,47.6,-53.26,70.0,58,67,14.09
521,Banda Aceh,ID,2020-08-21 21:02:37,5.56,95.32,79.75,77,100,0.58
522,Dasoguz,TM,2020-08-21 21:02:37,41.84,59.97,75.2,36,0,11.41
523,Ciudad Bolivar,VE,2020-08-21 21:02:38,8.12,-63.55,86.4,70,79,2.48
524,Beidao,CN,2020-08-21 21:02:38,34.57,105.89,66.47,83,83,3.22
525,Sobolevo,RU,2020-08-21 21:02:38,54.43,31.9,52.56,96,56,4.63
526,Wanganui,NZ,2020-08-21 21:02:38,-39.93,175.05,55.99,66,14,14.0
527,North Platte,US,2020-08-21 21:02:39,41.12,-100.77,93.99,34,1,6.93
528,Honningsvag,NO,2020-08-21 21:02:39,70.98,25.97,55.4,82,75,3.36
529,Inhambane,MZ,2020-08-21 21:02:39,-23.86,35.38,65.41,72,41,12.06
530,Quelimane,MZ,2020-08-21 21:02:39,-17.88,36.89,68.97,83,60,8.52
531,Seoul,KR,2020-08-21 21:02:37,37.57,126.98,77.0,83,75,4.09
532,Churapcha,RU,2020-08-21 21:02:40,62.0,132.43,42.58,64,52,2.82
533,Vostok,RU,2020-08-21 21:02:40,46.49,135.88,49.17,96,67,3.58
534,Umm Kaddadah,SD,2020-08-21 21:02:40,13.6,26.69,86.7,44,18,8.14
535,Hofn,IS,2020-08-21 21:02:40,64.25,-15.21,50.5,57,0,19.22
536,Tomatlan,MX,2020-08-21 21:02:41,19.93,-105.25,88.45,62,47,9.15
537,Yarada,IN,2020-08-21 21:02:41,17.65,83.27,78.8,100,90,3.36
538,Korcula,HR,2020-08-21 21:02:41,42.96,17.14,77.0,53,0,2.24
539,Iquique,CL,2020-08-21 21:02:31,-20.22,-70.14,62.6,63,44,14.99
540,Chiredzi,ZW,2020-08-21 21:02:42,-21.05,31.67,62.47,76,89,9.95
541,Bintulu,MY,2020-08-21 21:02:42,3.17,113.03,77.0,94,20,4.5
542,Lesnoy,RU,2020-08-21 21:02:42,57.62,63.08,51.96,96,75,5.44
543,Sulphur,US,2020-08-21 21:02:36,30.24,-93.38,91.99,38,40,4.7
544,Chudovo,RU,2020-08-21 21:02:42,59.12,31.68,57.31,72,0,2.89
545,Jibuti,DJ,2020-08-21 21:02:06,11.5,42.5,91.4,63,1,3.36
546,Myitkyina,MM,2020-08-21 21:02:43,25.38,97.4,74.39,92,53,0.56
547,Coquimbo,CL,2020-08-21 21:00:42,-29.95,-71.34,55.4,76,0,5.82
548,Luan,CH,2020-08-21 21:02:43,46.36,6.98,80.6,44,0,2.24
549,Biu,NG,2020-08-21 21:02:44,10.61,12.19,69.19,97,100,6.31
550,Moerai,PF,2020-08-21 21:02:44,-22.43,-151.33,70.65,73,24,24.81
551,Remedios,CU,2020-08-21 21:02:44,22.49,-79.55,91.4,59,40,13.87
552,Egvekinot,RU,2020-08-21 21:02:44,66.32,-179.17,46.06,93,100,6.4
553,Agirish,RU,2020-08-21 21:02:44,61.92,63.02,54.77,96,100,10.36
554,Talcahuano,CL,2020-08-21 21:02:45,-36.72,-73.12,60.8,63,0,8.05
555,Charters Towers,AU,2020-08-21 21:02:45,-20.1,146.27,55.54,39,0,8.21
556,Hokitika,NZ,2020-08-21 21:02:45,-42.72,170.97,53.2,85,99,2.66
557,Barcelona,ES,2020-08-21 20:59:21,41.39,2.16,82.0,83,20,3.36
558,Cayeli,TR,2020-08-21 21:02:45,41.09,40.73,70.9,77,99,6.71
559,Sokolo,ML,2020-08-21 21:02:46,14.73,-6.12,79.5,77,85,13.56
560,Ravar,IR,2020-08-21 21:02:46,31.27,56.81,76.87,18,0,2.53
561,Orsha,BY,2020-08-21 21:00:23,54.52,30.41,55.74,94,96,7.34
562,Naze,JP,2020-08-21 21:02:46,28.37,129.48,77.0,94,45,3.36
563,Tyukhtet,RU,2020-08-21 21:02:47,56.54,89.3,53.91,98,100,1.77
564,Eyl,SO,2020-08-21 21:02:47,7.98,49.82,77.36,73,94,22.95
